data_type,structure_type,breakeven_size,savings_at_crossover,max_savings,max_savings_size,avg_savings,num_data_points
float,dict,9,0.567178932009127,9.017954059889721,1000,5.411637798711661,34
float,list,19,0.46308617661149354,8.907449048106109,2000,4.368723210994011,61
integer,dict,5,4.810765800854167,23.64976227100406,125,17.582290668768074,19
integer,list,6,4.232684472612047,49.33923846609184,2000,31.671139567953148,23
mixed,dict,6,1.5186314497287468,15.383037127073884,125,10.035191806911705,26
mixed,list,9,1.6819787985865697,23.998613331034903,2000,12.766104789582512,41
sequential,dict,9,1.851851851851849,23.12169312169312,250,12.916079711413134,26
sequential,list,14,4.347826086956519,54.73684210526315,250,27.79383308433015,34
